,Prob_Regime0,Prob_Regime1,Prob_Regime2,Prob_Regime3,Prob_Regime4,Regime_Candidate,Regime,Regime_Name
1990-01-31,0.8988948794803413,0.1011051205196586,1.7164899892852104e-61,6.742609766589056e-26,1.0394434575160886e-19,0,0,Crisis
1990-02-28,0.48181140573254766,0.05419306075951523,1.6009246707679e-13,1.1548297559274812e-12,0.46399553350662215,0,0,Crisis
1990-03-31,0.8494066147126522,0.043354041136715094,3.699782406022315e-14,2.675883841181149e-13,0.10723934415032814,0,0,Crisis
1990-04-30,0.7376739422813096,0.036542591506776814,2.959203264036573e-14,2.1736341715940355e-13,0.22578346621166664,0,0,Crisis
1990-05-31,0.4068607508689336,0.028176162279310482,2.3673626128891663e-14,0.46400000000017144,0.10096308685156073,3,3,Walking on Ice
1990-06-30,0.32548860143567615,0.022540931778358027,1.7788149060741327e-09,0.1072000000016066,0.5447704650055444,4,3,Walking on Ice
1990-07-31,0.26039089400784987,0.018032744311564344,4.144546355064119e-06,0.0857600088943393,0.6358122082398915,4,4,Bull Market
1990-08-31,0.6723127076500511,0.014426195448594838,9.577669559250187e-07,0.06860800205515474,0.24465213707924346,0,0,Crisis
1990-09-30,0.7378501661200408,0.011540956358875872,7.662135647400148e-07,0.05488640164412379,0.19572170966339475,0,0,Crisis
1990-10-31,0.32682183745567045,0.009232765087100685,6.12970851792011e-07,0.5073674167556596,0.15657736773071748,3,3,Walking on Ice
1990-11-30,0.2994847701577345,0.007386212069680568,4.903989367606391e-07,0.5662020910559163,0.12692643631773198,3,3,Walking on Ice
1990-12-31,0.2177762320495211,0.005908969655774476,0.34875509802516724,0.21172165623739772,0.21583804403213946,2,3,Walking on Ice
1991-01-31,0.1742209856393939,0.0047271757246024945,0.5442013256323551,0.1697499182357955,0.10710059476785293,2,2,Steady State
1991-02-28,0.13937678851151494,0.0037817405796819964,0.1715734844976099,0.5995875106088479,0.08568047580234536,3,2,Steady State
1991-03-31,0.11154020243589918,0.003025396109444609,0.13725879035083824,0.21568933382447972,0.5324862772793382,4,2,Steady State
1991-04-30,0.08921010243781165,0.0024447847539718123,0.10980703071445508,0.1725404716232208,0.6259976104705405,4,4,Bull Market
1991-05-31,0.07136808183206751,0.0019419052507141077,0.5518410937175181,0.13803311544217375,0.23681580375752656,2,4,Bull Market
1991-06-30,0.500376078475765,0.022271911190455792,0.17747545287372893,0.11042607237087984,0.1894504850891705,0,0,Crisis
1991-07-31,0.1480889105507191,0.006029481182257926,0.6017779894149505,0.09254323078073395,0.1515603880713385,2,2,Steady State
1991-08-31,0.11847112852584633,0.004823585243371042,0.22031321791119743,0.07164537766157773,0.5847466906580074,4,2,Steady State
1991-09-30,0.09477690976795469,0.003859022741792298,0.17596619335608388,0.05731528016778952,0.6680825939663796,4,4,Bull Market
1991-10-31,0.07582152383409015,0.0030871301663263724,0.14127282572447755,0.04585224146231334,0.7339662788127926,4,4,Bull Market
1991-11-30,0.06068451278468689,0.4664424099308231,0.11273385119243558,0.03668178291957882,0.32345744317247566,1,4,Bull Market
1991-12-31,0.04853208104367344,0.10916945740416768,0.09018708095394849,0.493345426335663,0.25876595426254745,3,4,Bull Market
1992-01-31,0.047559077515463906,0.087335566024999,0.07214966476315879,0.13067637774223853,0.6622793139541399,4,4,Bull Market
1992-02-29,0.03307825146438086,0.06986845497501443,0.057719731821104764,0.10454108133028349,0.7347924804092165,4,4,Bull Market
1992-03-31,0.026479563005643064,0.5197702715963254,0.046175785450865425,0.08363286506276571,0.3239415148844005,1,4,Bull Market
1992-04-30,0.021173999687308417,0.1518870484363475,0.4483139276034106,0.06690656815715536,0.3117184561157782,2,4,Bull Market
1992-05-31,0.016939199746677944,0.12150963874970737,0.1262265482723618,0.053526435094550254,0.6817981781367026,4,4,Bull Market
1992-06-30,0.015308521040708586,0.5304943792682907,0.10005232948522642,0.04282038699086267,0.31132438321491174,1,4,Bull Market
1992-07-31,0.011247052675175291,0.1778703300888972,0.5095120261649243,0.03425768561090662,0.2671129054600967,2,4,Bull Market
1992-08-31,0.008997684912565132,0.17281539948426464,0.1632559077417235,0.027405365581847477,0.6275256422795993,4,4,Bull Market
1992-09-30,0.007198123594383211,0.1208970621175851,0.13060472619419655,0.021924292467592078,0.7193757956262431,4,4,Bull Market
1992-10-31,0.005758563283488376,0.09677711071873757,0.10448378095489208,0.017539433973417364,0.7754411110694646,4,4,Bull Market
1992-11-30,0.004606813981414825,0.07738491849274004,0.47492775181202485,0.014032408224016185,0.4290481074898041,2,4,Bull Market
1992-12-31,0.003685451184721572,0.06190793479603026,0.1575497630939711,0.011225438481068575,0.7656314124442085,4,4,Bull Market
1993-01-31,0.002948360949614247,0.04952674465421881,0.12588793133992082,0.008980349829813774,0.8126566132264322,4,4,Bull Market
1993-02-28,0.0023586887590453243,0.039621170150870265,0.10071036366236867,0.007184281434430781,0.850125495993285,4,4,Bull Market
1993-03-31,0.0018869510071684674,0.031696936004900055,0.38946921333212137,0.008367008157495023,0.568579891498315,4,4,Bull Market
1993-04-30,0.0015095746764821514,0.02535810064865975,0.13582139137427615,0.005203156038432681,0.8321077772621492,4,4,Bull Market
1993-05-31,0.0012076518491625173,0.020286166538556128,0.1849253518603694,0.0041625601277081835,0.7894182696242037,4,4,Bull Market
1993-06-30,0.0009661214937022991,0.016257068322312204,0.1045462835730907,0.0033300272311000976,0.8749004993797947,4,4,Bull Market
1993-07-31,0.0007728971869061645,0.012989647404680572,0.08363703587602249,0.0026640218817533725,0.8999363976506375,4,4,Bull Market
1993-08-31,0.0006183177494546028,0.01039171755745411,0.5268498958366161,0.006190944183581181,0.455949124672894,2,4,Bull Market
1993-09-30,0.0004946542125117017,0.00831475885188271,0.1597897617596586,0.002642910826549497,0.8287579143493975,4,4,Bull Market
1993-10-31,0.00039572336264266287,0.006651019174689946,0.5900314480760116,0.0021182683885736108,0.40080354099808224,2,4,Bull Market
1993-11-30,0.007495330358048131,0.297690570482161,0.2090495019769047,0.0016923731417256887,0.4840722240411605,4,4,Bull Market
1993-12-31,0.0019118021305449331,0.07180414742539262,0.35413910748580457,0.2784457176659043,0.2936992252923536,2,4,Bull Market
1994-01-31,0.0015294417044360645,0.05744331794031407,0.6408763456382376,0.06515182843558902,0.23499906628142314,2,2,Steady State
1994-02-28,0.0012238460369506958,0.5099466245849159,0.2487554504407076,0.05209247707879572,0.18798160185863014,1,2,Steady State
1994-03-31,0.0599789124553332,0.5489618661816648,0.1990043603525661,0.04167398166303658,0.1503808793473993,1,1,Inflation
1994-04-30,0.014414168564175444,0.2087384597344635,0.1926583982299004,0.03333918647054623,0.5508497870009144,4,1,Inflation
1994-05-31,0.011531331816099897,0.1670005177980613,0.13509203585310428,0.026671348530881503,0.659704766001853,4,4,Bull Market
1994-06-30,0.009225139877338978,0.1649203608522702,0.1080736244653538,0.021337078823187357,0.6964437959818498,4,4,Bull Market
1994-07-31,0.007380069556193713,0.11411316275688768,0.5501942414597585,0.01706973657862732,0.3112427896485328,2,4,Bull Market
1994-08-31,0.005904055644952708,0.09129053020551015,0.6402973993389652,0.013664316210385543,0.24884369860018637,2,2,Steady State
1994-09-30,0.004723269468703732,0.5298728771080834,0.24824279844648187,0.010926577629125507,0.2062344773476055,1,2,Steady State
1994-10-31,0.0037786013777367125,0.16397183710362287,0.5429786798135336,0.00874134966360204,0.28052953204150477,2,2,Steady State
1994-11-30,0.0031852923495364394,0.595015057104606,0.23844007221531863,0.006993029912089299,0.15636654841844969,1,2,Steady State
1994-12-31,0.002455827483169668,0.2121044537857146,0.19102739508320113,0.005594423941494209,0.5888178997064204,4,2,Steady State
1995-01-31,0.0020088981980861957,0.1696846404008121,0.15273294903348086,0.00447553914648155,0.6710979732211393,4,4,Bull Market
1995-02-28,0.0015819496785449336,0.13574709902452967,0.5860706983429135,0.003580609204753632,0.2730196437492582,2,4,Bull Market
1995-03-31,0.0012655597428357082,0.10859767921962366,0.668875968306048,0.0028813972703847376,0.21837939546110788,2,2,Steady State
1995-04-30,0.001012447794268509,0.08687814337569891,0.7350045960865067,0.002295497894156366,0.1748093148493695,2,2,Steady State
1995-05-31,0.0008099582354148309,0.06950251470055913,0.7880607245507637,0.0018372340058525492,0.1397895685074097,2,2,Steady State
1995-06-30,0.0006479665883996008,0.055602011761862115,0.7431064071547312,0.0014692981534052472,0.19917431634160188,2,2,Steady State
1995-07-31,0.0005183732707318232,0.044481609408684716,0.8441811225430477,0.0011756132857111152,0.10964328149182481,2,2,Steady State
1995-08-31,0.00041476668419159526,0.03563369392090845,0.4113451828740458,0.0009403894242230727,0.5516659670966311,4,2,Steady State
1995-09-30,0.00033177461921613644,0.02847941356774913,0.7930737371485005,0.0007524336374973468,0.17736264102703697,2,2,Steady State
1995-10-31,0.0002654848446351102,0.025608954103593873,0.3704603605314039,0.0006018774403792856,0.6030633230799878,4,2,Steady State
1995-11-30,0.00021235080802442513,0.018879594882357506,0.760360641174975,0.0004815086985012499,0.22006590443614166,2,2,Steady State
1995-12-31,0.00016988064642045297,0.01510367590588615,0.7814278146660789,0.0003856585793092827,0.20291297020230536,2,2,Steady State
1996-01-31,0.00013590452696298888,0.012082940724708835,0.8402608637439672,0.0003082689305647948,0.1472120220737962,2,2,Steady State
1996-02-29,0.00010872512625233342,0.009666453132419324,0.4083244601068175,0.0002466144604707354,0.5816537471740401,4,2,Steady State
1996-03-31,8.697932669233511e-05,0.0077331129556149625,0.3266661031065137,0.0001972915672482493,0.6653165130439308,4,4,Bull Market
1996-04-30,6.958355708605922e-05,0.006186486005927372,0.4940622656727739,0.00015783894741198845,0.4995238258168009,4,4,Bull Market
1996-05-31,5.566700762984629e-05,0.00494918882549434,0.5221023197788376,0.00012626832478563777,0.47276655606325263,2,4,Bull Market
1996-06-30,4.4533593358776306e-05,0.0039626071957875285,0.27016468956063755,0.00010101442868195032,0.7257271552215342,4,4,Bull Market
1996-07-31,0.0022439953724154834,0.4649598642046753,0.21613146751351062,8.081154286004419e-05,0.31658386136653865,1,4,Bull Market
1996-08-31,0.000538711421214733,0.10922437712655512,0.6090128389477355,6.464984724133077e-05,0.2811594226572533,2,4,Bull Market
1996-09-30,0.00043096874520536616,0.08737950170124391,0.7030782479578888,5.3519241203145585e-05,0.2090577623544588,2,2,Steady State
1996-10-31,0.00034477499687473077,0.06990360562145041,0.3401121935084692,4.1791489757510975e-05,0.5895976343834481,4,2,Steady State
1996-11-30,0.00027581999768863435,0.055922882073108166,0.24871828414868966,0.46370830308018857,0.2313747107003249,3,2,Steady State
1996-12-31,0.00022065613576545336,0.04634084846515628,0.1987896395201427,0.10715163026332708,0.6474972256156086,4,2,Steady State
1997-01-31,0.0001765248730927772,0.03616088717522674,0.6229781330610701,0.08577482523235465,0.2549096296582556,2,2,Steady State
1997-02-28,0.00014121993038185862,0.028928741457590456,0.23441522635159703,0.0685894085700908,0.6679254036903398,4,2,Steady State
1997-03-31,0.00011560600312935595,0.4871402660955422,0.18753090912901738,0.05487152685607042,0.2703416919162406,1,2,Steady State
1997-04-30,9.098837752344637e-05,0.12571375421791303,0.6140209569523419,0.04390099059592036,0.21627330985630128,2,2,Steady State
1997-05-31,7.279069858000134e-05,0.10057100337433048,0.33385163021807857,0.39248592852593867,0.17301864718307222,3,2,Steady State
1997-06-30,5.823256562516974e-05,0.08045680269946433,0.6703947803964536,0.11067526651417546,0.13841491782428147,2,2,Steady State
1997-07-31,4.658607097366676e-05,0.06436544215957145,0.43846971072577223,0.3863863268285363,0.11073193421514642,2,2,Steady State
1997-08-31,0.46403542484761245,0.05149419772412429,0.25624517557641135,0.1396396544797351,0.0885855473721169,0,0,Crisis
1997-09-30,0.10722938904849551,0.041194309008895744,0.6523099045105244,0.12839795953438687,0.0708684378976976,2,2,Steady State
1997-10-31,0.4460886336949918,0.1366503244431997,0.26734181647686694,0.09322447475906534,0.05669475062587625,0,0,Crisis
1997-11-30,0.1518697165936059,0.05032145009265086,0.6778423387624023,0.07457958339087088,0.045386911160470146,2,2,Steady State
1997-12-31,0.12149577327476802,0.04025716007960089,0.44163038519380193,0.059663672554468555,0.3369530088973606,2,2,Steady State
1998-01-31,0.0971966310700233,0.03220573570251136,0.2855081354498897,0.04773093357765189,0.5373585641999237,4,2,Steady State
1998-02-28,0.07775729777220995,0.025764584214003718,0.222074666309748,0.4942139459807795,0.18018950572325873,3,2,Steady State
1998-03-31,0.062205838217809804,0.020611667371202964,0.6369658647512684,0.13606502507393642,0.14415160458578233,2,2,Steady State
1998-04-30,0.04976467057425911,0.01648936127832441,0.2456914775024862,0.10876169254536765,0.5792927980995626,4,2,Steady State
1998-05-31,0.03998452216592302,0.4146420892105003,0.19653699027697144,0.08700935403617278,0.2618270443104324,1,2,Steady State
1998-06-30,0.03188941328300253,0.10330211412185733,0.620711086193379,0.06960748335413783,0.17448990304762324,2,2,Steady State
1998-07-31,0.025517532508309362,0.10479988026314589,0.2328638810330907,0.055685986612076105,0.581132719583378,4,2,Steady State
1998-08-31,0.4844105772623574,0.07123265876449346,0.18629110481062028,0.04454878928966083,0.2135168698728679,0,0,Crisis
1998-09-30,0.12352847027380649,0.05698612701159481,0.5962741050703357,0.05239780174523321,0.17081349589902967,2,2,Steady State
1998-10-31,0.0988227714033663,0.045588901609275825,0.22255445191793471,0.4963830783506179,0.13665079671880537,3,2,Steady State
1998-11-30,0.07905821987371275,0.03647112128742067,0.1881908280178524,0.58695919344597,0.10932063737504431,3,3,Walking on Ice
1998-12-31,0.0632465743337348,0.029176897029936512,0.60630730196492,0.21381271677131422,0.0874565099000944,2,3,Walking on Ice
1999-01-31,0.050597259466997814,0.023341517624189737,0.6773303494357719,0.1696437403564831,0.07908713311655749,2,2,Steady State
1999-02-28,0.04047995649992789,0.4826710230861838,0.28305434136597746,0.13571499135564163,0.05807968769226938,1,2,Steady State
1999-03-31,0.03238274253495846,0.1221380650798096,0.6904342678621913,0.10858017712629359,0.046464747396747,2,2,Steady State
1999-04-30,0.02590619432409998,0.09771045206384772,0.7517143662934079,0.0874977463335838,0.037171240985060645,2,2,Steady State
1999-05-31,0.020732849811872525,0.5421086001973228,0.3377346554488516,0.06963504852697482,0.029788846014978287,1,2,Steady State
1999-06-30,0.01658178813922715,0.16972088236430524,0.734138436630741,0.05575732650365272,0.023801566362074065,2,2,Steady State
1999-07-31,0.01326873115112588,0.533348503795292,0.32333879232244167,0.044577818211400486,0.0854661545197399,1,2,Steady State
1999-08-31,0.010613107328926927,0.2083985565648966,0.25867103388714685,0.03566225456912052,0.4866550476499091,4,2,Steady State
1999-09-30,0.008490515385526582,0.6069360357029607,0.20693682709310746,0.028529803655295536,0.14910681816310978,1,2,Steady State
1999-10-31,0.006792395395236806,0.23251512730360824,0.6293145535110208,0.023058751063796328,0.10831917272633781,2,2,Steady State
1999-11-30,0.0054339163161914944,0.1860121018428906,0.6679882103046185,0.018313459912926114,0.12225231162337338,2,2,Steady State
1999-12-31,0.004347133052952031,0.14880968147431023,0.29249350467279406,0.47680128191581117,0.07754839888413242,3,2,Steady State
2000-01-31,0.0065748674907409555,0.5799505841310666,0.2329425467762517,0.11849328249463272,0.06203871910730809,1,2,Steady State
2000-02-29,0.00475168227287404,0.20172264521256594,0.18635425014097112,0.09480081488347843,0.5123706074901105,4,2,Steady State
2000-03-31,0.003087884303142388,0.1613781161303161,0.14908327912563937,0.5398371286339991,0.14661359180690303,3,2,Steady State
2000-04-30,0.0025135434846544086,0.5930592306354434,0.11926662327593775,0.16786970405027998,0.1172908985536843,1,2,Steady State
2000-05-31,0.0020010400910487115,0.6744433635775968,0.09541329862075029,0.13429576324022416,0.09384653447038006,1,1,Inflation
2000-06-30,0.001592408143526275,0.27557098357081833,0.5403281113049231,0.10743911403561132,0.075069382945121,2,1,Inflation
2000-07-31,0.0012746313461214844,0.6841892534289211,0.1682639271564443,0.08594986685550182,0.06032232121301116,1,1,Inflation
2000-08-31,0.0010193046119146593,0.28350362003822666,0.598609223462483,0.06876181090421905,0.04810604098315654,2,1,Inflation
2000-09-30,0.04179116695372849,0.6498271724412967,0.2148884701953002,0.05500835777761701,0.03848483263205759,1,1,Inflation
2000-10-31,0.014860965989873319,0.3921184360547693,0.17191077658071555,0.044006686222335285,0.37710313515230653,1,1,Inflation
2000-11-30,0.47319084432087566,0.24943412373822085,0.1375286210230605,0.035205348977730706,0.10464106194011226,0,0,Crisis
2000-12-31,0.46776034692735924,0.19954729656813036,0.20762875345744228,0.04107099048293893,0.08399261256412913,0,0,Crisis
2001-01-31,0.3297986151030644,0.1596378372544995,0.11061522148251533,0.2189068179417038,0.18104150821821688,0,0,Crisis
2001-02-28,0.6387650799641303,0.12771064027935616,0.08846567168560716,0.06509122203485342,0.07996738603605293,0,0,Crisis
2001-03-31,0.710941853386855,0.10223872280793422,0.07077253734848574,0.05207297762788274,0.06397390882884235,0,0,Crisis
2001-04-30,0.30479355005608866,0.08175091091378582,0.056779550633588555,0.5054968613334633,0.05117912706307385,3,3,Walking on Ice
2001-05-31,0.24383484164901964,0.06540159928641984,0.045331856607764266,0.14048938881736783,0.5049423136394285,4,3,Walking on Ice
2001-06-30,0.19506916264998425,0.5163096022211654,0.03626541937685138,0.11239151105229703,0.13996430469970206,1,3,Walking on Ice
2001-07-31,0.1560558446453297,0.1498179769127688,0.029012349711979905,0.08991320884191271,0.5752006198880089,4,3,Walking on Ice
2001-08-31,0.13875303967678576,0.5695106555918078,0.02320987168430011,0.07193056707348743,0.19659586597361897,1,3,Walking on Ice
2001-09-30,0.5670886480373087,0.1995223081779675,0.01856789734744009,0.05754445365878994,0.15727669277849363,0,0,Crisis
2001-10-31,0.18967091885223952,0.15961784654239017,0.28606061983420755,0.04606091216913833,0.31858970260202446,4,4,Bull Market
2001-11-30,0.15173673485957265,0.12769427723390292,0.07454175828405504,0.5008340105842045,0.14519321903826482,3,4,Bull Market
2001-12-31,0.12138938787748327,0.10215542196354702,0.06258139734146728,0.1366673776944572,0.5772064151230453,4,4,Bull Market
2002-01-31,0.09711151535687396,0.4700728481345228,0.04838771690199109,0.10933390179203349,0.2750940178145787,1,4,Bull Market
2002-02-28,0.07769191452055116,0.16323752897065055,0.038710174165491835,0.08746712143604991,0.6328932609072565,4,4,Bull Market
2002-03-31,0.06215199250147625,0.12596082772485265,0.49441687098895504,0.07052445140047243,0.24694585738424357,2,4,Bull Market
2002-04-30,0.052596609287013395,0.561813389976549,0.1318471492599022,0.05610792751610833,0.1976349239604271,1,4,Bull Market
2002-05-31,0.04045300112513825,0.1871425089073481,0.10547902372008978,0.04488538257586556,0.6220400836715582,4,4,Bull Market
2002-06-30,0.49635585858025116,0.14970811914054935,0.08438247686742344,0.03590829301764541,0.23364525239413061,0,0,Crisis
2002-07-31,0.5970846869827707,0.11976649519386987,0.0675059814939387,0.028726634414116298,0.18691620191530434,0,0,Crisis
2002-08-31,0.213667749586903,0.09581320719155102,0.06992245951591082,0.022981344312381784,0.5976152393932533,4,4,Bull Market
2002-09-30,0.6349341996693209,0.07665055947368933,0.04688135980953773,0.018385054522734257,0.2231488265247178,0,0,Crisis
2002-10-31,0.2439473597354569,0.061320447578951484,0.03750730558674985,0.47870582587906757,0.17851906121977432,3,3,Walking on Ice
2002-11-30,0.19515788778836546,0.04905635806316118,0.030004582652314562,0.5829659225203394,0.14281524897581943,3,3,Walking on Ice
2002-12-31,0.22059151876071653,0.438779784446065,0.024003666121851668,0.20237273801640523,0.11425229265496165,1,3,Walking on Ice
2003-01-31,0.13982827747506824,0.5876079644137401,0.019202932897481696,0.1618981904318135,0.0914626347818965,1,1,Inflation
2003-02-28,0.11184827753866142,0.5033932256962648,0.015362392856589645,0.12951855265434825,0.2398775512541358,1,1,Inflation
2003-03-31,0.08947717836580509,0.2336779712896449,0.012302259295305786,0.10361487872877595,0.5609277123204683,4,1,Inflation
2003-04-30,0.07158102949424396,0.18689106748493078,0.009834768485666298,0.5468918820524157,0.18480125248274332,3,1,Inflation
2003-05-31,0.05726482359539515,0.14951285398794462,0.22123909374348585,0.4241422266865101,0.14784100198666422,3,3,Walking on Ice
2003-06-30,0.04581185887637289,0.11961028332166283,0.291145297828,0.19674659437737324,0.34668596559659093,4,3,Walking on Ice
2003-07-31,0.036649487101495376,0.09568825442533642,0.09890113126974713,0.15737924472048828,0.6113818824829329,4,4,Bull Market
2003-08-31,0.029319589680952274,0.07655058769873495,0.45790260686328377,0.125903642278052,0.3103235734789771,2,4,Bull Market
2003-09-30,0.023455671760210486,0.061240483065621194,0.15418841436237316,0.10073056347365493,0.6603848673381403,4,4,Bull Market
2003-10-31,0.018764537399378525,0.04899237910906418,0.5843325870773101,0.08167361909351528,0.26623687732073187,2,4,Bull Market
2003-11-30,0.015011832153359005,0.039193903288972654,0.43143212435367045,0.06526211091123099,0.44910002929276693,4,4,Bull Market
2003-12-31,0.012009350658630237,0.031355122630198795,0.6793707743128303,0.05232347733071695,0.2249412750676236,2,4,Bull Market
2004-01-31,0.009607480526887008,0.0250840981584327,0.2916328694958869,0.04161746941599953,0.6320580824027939,4,4,Bull Market
2004-02-29,0.007685984431148614,0.020067278495867764,0.28373445012744863,0.43998804832452404,0.24852423862101097,3,4,Bull Market
2004-03-31,0.0061487875412707315,0.016061130233842272,0.19444509103087712,0.12059553416346831,0.6627494570305416,4,4,Bull Market
2004-04-30,0.2252720987699233,0.2564916773956042,0.15555603811540414,0.09647642729177908,0.26620375842728944,4,4,Bull Market
2004-05-31,0.05484438128599435,0.06656679267674902,0.12446045463642426,0.07718114189814874,0.6769472295026837,4,4,Bull Market
2004-06-30,0.043875505028642216,0.053253347193623436,0.5594264438999856,0.06174518794881687,0.2816995159289319,2,4,Bull Market
2004-07-31,0.035100567657297764,0.5060440697609627,0.1858927067912484,0.04939599419672908,0.22356666159376212,1,4,Bull Market
2004-08-31,0.028080361023610126,0.14115314135491144,0.14873774720321334,0.03951679651554858,0.6425119539027165,4,4,Bull Market
2004-09-30,0.02246428881883496,0.1129224807329522,0.5804846707843777,0.03161517286364515,0.2525133868001901,2,4,Bull Market
2004-10-31,0.017971431055081814,0.09033798460135313,0.36397555541554016,0.025291301797280407,0.5024237271307446,4,4,Bull Market
2004-11-30,0.014377144844057487,0.0722703876724313,0.6573137627751344,0.02583055907614662,0.23020814563223022,2,4,Bull Market
2004-12-31,0.01150171587524915,0.05781631013794504,0.7290314939973114,0.01748395876799287,0.1841665212215015,2,2,Steady State
2005-01-31,0.009207106951256282,0.47970275603210644,0.3192276761538612,0.013984689148589852,0.17787777171418628,1,2,Steady State
2005-02-28,0.0073624229700237865,0.13714426755986164,0.7193738091505099,0.011195948049631942,0.12492355226997283,2,2,Steady State
2005-03-31,0.005898749597581732,0.573120366418756,0.31150378768043174,0.008952094782126167,0.10052500152110434,1,2,Steady State
2005-04-30,0.004723576709805378,0.6571492016747942,0.24920303014434594,0.007161675825813114,0.08176251564524141,1,1,Inflation
2005-05-31,0.003773404810437284,0.26267843979503924,0.6629178542335066,0.006173101663296717,0.06445719949772007,2,1,Inflation
2005-06-30,0.003018723848453795,0.21014275247984326,0.7299839108154679,0.004718237607440156,0.05213637524879479,2,2,Steady State
2005-07-31,0.0024149790787038193,0.16811420161753554,0.7841923533634473,0.00375700581928043,0.04152146012103295,2,2,Steady State
2005-08-31,0.0019319833521287274,0.1346178943481649,0.3634326250008775,0.003005172472121628,0.4970123248267073,4,2,Steady State
2005-09-30,0.001545595538721195,0.10762232253393761,0.6891614037278575,0.06798866725433257,0.13368201094515114,2,2,Steady State
2005-10-31,0.0012368302649119478,0.5500281013356247,0.32464448852313327,0.017075598153426536,0.1070149817229035,1,2,Steady State
2005-11-30,0.000989260008989081,0.17606217022057444,0.7237130228269412,0.01366301702867689,0.08557252991481848,2,2,Steady State
2005-12-31,0.000791408563717523,0.14085028485045456,0.31603215338939095,0.010992284003559989,0.5313338691928771,4,2,Steady State
2006-01-31,0.000633126536970061,0.11267991570378018,0.7161800604477464,0.008796642978653424,0.16171025433284977,2,2,Steady State
2006-02-28,0.0005065012423823151,0.09022511214831651,0.30913718923124217,0.0070152245400821635,0.5931159728379769,4,2,Steady State
2006-03-31,0.00041645219351823886,0.07214596571727268,0.24753913880646422,0.13209750100668582,0.5478009422760591,4,4,Bull Market
2006-04-30,0.0003267608924854606,0.05770990835769959,0.19796612596204144,0.03371397009354326,0.7102832346942303,4,4,Bull Market
2006-05-31,0.4642614083231259,0.046167926685057564,0.1583046008345571,0.02697017562508133,0.3042958885321781,0,0,Crisis
2006-06-30,0.1074091293656579,0.036941086602867323,0.12664421160584055,0.021576140552183515,0.7074294318734508,4,4,Bull Market
2006-07-31,0.08592730385997566,0.029549031471498812,0.10131749427297983,0.01726199445578986,0.765944175939756,4,4,Bull Market
2006-08-31,0.06874184207345922,0.023639225173448023,0.31069960282476666,0.01382388394945541,0.5830954459788706,4,4,Bull Market
2006-09-30,0.054993475573945974,0.018911545680273742,0.117898478135827,0.011050627746266958,0.7971458728636863,4,4,Bull Market
2006-10-31,0.043994779346533036,0.01512914235680113,0.5582578852960256,0.008870540988356844,0.37374765201228344,2,4,Bull Market
2006-11-30,0.035195823477266845,0.01210331388577422,0.18264251339725987,0.007081376865396252,0.7629769723743028,4,4,Bull Market
2006-12-31,0.028156658784614194,0.009682651108454475,0.14896267906958013,0.005721968291531274,0.80747604274582,4,4,Bull Market
2007-01-31,0.02252532702609021,0.00774612566057612,0.11755268944872353,0.004544579765350102,0.8476312780992601,4,4,Bull Market
2007-02-28,0.018020265616993995,0.34279401736781445,0.09403996354004002,0.0036357866991760237,0.5415099667759756,4,4,Bull Market
2007-03-31,0.014416210285666278,0.08272305966482153,0.1582405095311073,0.002912375163083481,0.7417078453553214,4,4,Bull Market
2007-04-30,0.011532968191136953,0.06617844773161757,0.5433450552602358,0.0023460817789305306,0.37659744703807924,2,4,Bull Market
2007-05-31,0.009226374555138065,0.05294275818529403,0.6346840819777502,0.0018686784338771253,0.30127810684794054,2,2,Steady State
2007-06-30,0.007381289713586391,0.21216022032413936,0.24374863467280009,0.0015991475594347015,0.5351107077300394,4,2,Steady State
2007-07-31,0.005918526543222122,0.5371007943235449,0.19499890773807674,0.001219309491398587,0.2607624619037577,1,2,Steady State
2007-08-31,0.023006511127159488,0.17548961590060003,0.1559991261904615,0.000976018550658584,0.6445287282311204,4,2,Steady State
2007-09-30,0.008004843851258686,0.13481512871601653,0.12588098187717803,0.4636988037477943,0.2676002418077524,3,2,Steady State
2007-10-31,0.006403875081781217,0.10785210297281322,0.5640819015585906,0.10758192728342096,0.2140801931033939,2,2,Steady State
2007-11-30,0.46912298211368264,0.08628180032952706,0.18726975707923751,0.08606130636185295,0.17126415411569984,0,0,Crisis
2007-12-31,0.11129858522460857,0.07798998251012408,0.14981592075571382,0.06884904509273175,0.5920464664168218,4,4,Bull Market
2008-01-31,0.5530387928353101,0.05729143240859102,0.11985267112100749,0.05507923607233484,0.21473786756275665,0,0,Crisis
2008-02-29,0.21422983456771083,0.4026814013481285,0.09588218656655499,0.044097046209517154,0.2431095313080885,1,1,Inflation
2008-03-31,0.6150155298913828,0.11911082348456774,0.0767057209928696,0.035258487291445366,0.1539094383397347,0,0,Crisis
2008-04-30,0.22801245511163692,0.09528862770591946,0.06136457679429567,0.492206789721456,0.12312755066669209,3,3,Walking on Ice
2008-05-31,0.18240996412351151,0.07623090216673113,0.5062851132701394,0.12981118596199878,0.10526283447761926,2,3,Walking on Ice
2008-06-30,0.6099279701181504,0.060984722893448536,0.1449007818136082,0.10382291621615902,0.08036360895863397,0,0,Crisis
2008-07-31,0.6868698783934668,0.049860117953916594,0.11592062545112808,0.08305848754627579,0.06429089065521289,0,0,Crisis
2008-08-31,0.37499556511871823,0.3117036079080333,0.09273771905284198,0.06644670211477775,0.15411640580562885,0,0,Crisis
2008-09-30,0.7134214214394393,0.09436209217914236,0.07418948184850567,0.053157361677790185,0.06486964285512242,0,0,Crisis
2008-10-31,0.7707371371515515,0.0754896737433139,0.05935158547880454,0.04252588934223216,0.051895714284097956,0,0,Crisis
2008-11-30,0.8145429701139543,0.06243847860193776,0.04748126838304365,0.034020711473785936,0.04151657142727839,0,0,Crisis
2008-12-31,0.38879942969751763,0.04878625947569518,0.03798501470643498,0.49121603897852956,0.03321325714182275,3,3,Walking on Ice
2009-01-31,0.7750392425581542,0.03902900711461516,0.030388011765147924,0.12897313284862463,0.026570605713458158,0,0,Crisis
2009-02-28,0.8200313940577033,0.031223205680511925,0.024310409412118344,0.10317850627889971,0.021256484570766534,0,0,Crisis
2009-03-31,0.3920251152461627,0.0249785645444095,0.019448327532213965,0.5465428050206007,0.017005187656613224,3,3,Walking on Ice
2009-04-30,0.3136200921969302,0.019982851635527602,0.015558662024337786,0.6372342440179138,0.01360415012529058,3,3,Walking on Ice
2009-05-31,0.2508960737575442,0.01598628130842208,0.01244692961947023,0.709787395214331,0.010883320100232465,3,3,Walking on Ice
2009-06-30,0.20071690008909282,0.2118403314663205,0.00995756893887429,0.5687785341188465,0.008706665386865825,3,3,Walking on Ice
2009-07-31,0.16057349669643123,0.05621893565846619,0.00796604078853327,0.7682761998422565,0.006965327014312744,3,3,Walking on Ice
2009-08-31,0.12845879735714497,0.04497514852677321,0.470340480928689,0.3506489980224566,0.005576575164936202,2,3,Walking on Ice
2009-09-30,0.10276703788571592,0.03598011882141843,0.4591207908237365,0.397673105871176,0.004458946597953137,2,2,Steady State
2009-10-31,0.08221363703337627,0.24758784475643997,0.16996232358250302,0.2514729082293962,0.2487632863982846,3,2,Steady State
2009-11-30,0.06577090580051974,0.07357848718313349,0.5999203013661607,0.20122786447524885,0.05950244117493722,2,2,Steady State
2009-12-31,0.05261672464042326,0.05886298149688114,0.21834779384811884,0.6224741562876025,0.047698343726974124,3,2,Steady State
2010-01-31,0.04209635518952258,0.5110873002669765,0.17332218742187053,0.2353903248344997,0.03810383228713062,1,2,Steady State
2010-02-28,0.03367539120770066,0.1448715396328956,0.41036650937593183,0.18831343127144623,0.22277312851202566,2,2,Steady State
2010-03-31,0.02694031296616049,0.11589722813663281,0.2947229598686713,0.4936274113078388,0.06881208772069644,3,2,Steady State
2010-04-30,0.02155225037298453,0.0927240596085375,0.271726282023324,0.1998177598600649,0.41417964813508906,4,2,Steady State
2010-05-31,0.4812418002520637,0.07417567628011099,0.15775023125325646,0.1598211473725589,0.12701114484201007,0,0,Crisis
2010-06-30,0.12099356945722035,0.5232447824261395,0.12620018500260777,0.12785691792919407,0.10170454518483829,1,1,Inflation
2010-07-31,0.09679478203880008,0.15465030926613837,0.1669302685958449,0.5003154137318719,0.08130922636734464,3,1,Inflation
2010-08-31,0.07743588497269922,0.5877200296652365,0.09600949109057096,0.17378705477223066,0.06504753949926254,1,1,Inflation
2010-09-30,0.06194867421480159,0.20617614762310732,0.07680766275615221,0.6030295739337321,0.05203794147220668,3,1,Inflation
2010-10-31,0.049558939371841276,0.16494091809848666,0.5247741686997702,0.21843935579488552,0.04228661803501622,2,1,Inflation
2010-11-30,0.039647151807839676,0.3402069977595547,0.15620163531738435,0.17474257685332237,0.28920163826189893,1,1,Inflation
2010-12-31,0.031717721269683814,0.15367610358238043,0.144780028029418,0.5839753414220793,0.08585080569643831,3,1,Inflation
2011-01-31,0.02537417701762343,0.12296180661104318,0.10454785426241789,0.21445722367430728,0.5326589384346082,4,1,Inflation
2011-02-28,0.020299341613031156,0.09835754039940575,0.5294340116530741,0.17157199175958585,0.18033711457490317,2,1,Inflation
2011-03-31,0.016239473290482483,0.0787413582205386,0.1699048275688409,0.13725420110106987,0.5978601398190682,4,1,Inflation
2011-04-30,0.012991578632353245,0.0629616080465285,0.599918027147953,0.10980587673541778,0.2143229094377476,2,1,Inflation
2011-05-31,0.01039326667709783,0.507297920009312,0.21593773660959537,0.08784315862202835,0.17852791808196652,1,1,Inflation
2011-06-30,0.008314611832492097,0.6051593039185887,0.17275018928767638,0.07027451809617237,0.14350137686507047,1,1,Inflation
2011-07-31,0.006651699185708808,0.6836315346485704,0.13820015143018893,0.05621961404275406,0.11529700069277769,1,1,Inflation
2011-08-31,0.4693122913653269,0.2847187126188304,0.11056012114412388,0.04497569123569477,0.09043318363602401,0,0,Crisis
2011-09-30,0.5754549891983123,0.22776981398998156,0.08844809691529913,0.03598055298758794,0.07234654690881925,0,0,Crisis
2011-10-31,0.1963639913586526,0.18221585119198247,0.07075847753223931,0.49278444239007035,0.05787723752705541,3,3,Walking on Ice
2011-11-30,0.15709146693466625,0.6097723839836272,0.05660678202579143,0.13022757703382443,0.046301790022090575,1,3,Walking on Ice
2011-12-31,0.12567301773833192,0.22387906068753663,0.04528543341450683,0.10418218235652522,0.5009803058030994,4,3,Walking on Ice
2012-01-31,0.10053841419036842,0.17906855045254721,0.03854155818049341,0.5450324173696549,0.136819059806936,3,3,Walking on Ice
2012-02-29,0.0804307313522947,0.14325484036203776,0.49222281174766247,0.17463479211935065,0.1094568244186545,2,3,Walking on Ice
2012-03-31,0.0643445850843697,0.11460616067593332,0.13051465846799087,0.13898240333776782,0.5515521924339384,4,3,Walking on Ice
2012-04-30,0.05147566808878945,0.09495653452817068,0.10441172677575596,0.11118019325102693,0.6379758773562569,4,4,Bull Market
2012-05-31,0.5051805298564745,0.07410306043087223,0.08352938141915386,0.08894415459940984,0.24824287369408946,0,0,Crisis
2012-06-30,0.14014442650334358,0.05928244572653381,0.5307674502884564,0.07121122917453172,0.19859444830713457,2,2,Steady State
2012-07-31,0.11211554120447773,0.04743963019562165,0.1670345665846089,0.056976442442355016,0.6164338195729366,4,2,Steady State
2012-08-31,0.08969243296255654,0.03794395057909703,0.1299927630493407,0.045558970343989404,0.6968118830650164,4,4,Bull Market
2012-09-30,0.07175394637004519,0.03035514553629757,0.5046970150365532,0.03647220378199339,0.35672168927511066,2,4,Bull Market
2012-10-31,0.05740315946967344,0.48817251745500556,0.17577151179001357,0.029163480746833347,0.24948933053847402,1,4,Bull Market
2012-11-30,0.04592252622526823,0.12672426354486907,0.1406172097717686,0.02333080226827877,0.6634051981898154,4,4,Bull Market
2012-12-31,0.036738020980191834,0.10130976550897214,0.11249463645990063,0.018664781127388744,0.7307927959235467,4,4,Bull Market
2013-01-31,0.02939041678415112,0.08104770018090689,0.5539780267974186,0.014948909283319822,0.32063494695420364,2,4,Bull Market
2013-02-28,0.02351233342738427,0.06484572198159676,0.17919234078576113,0.011949380514232465,0.7205002232910253,4,4,Bull Market
2013-03-31,0.018809866741871368,0.051872275160853965,0.6055580647732286,0.009563201197525793,0.3141965921265203,2,4,Bull Market
2013-04-30,0.015047893393497104,0.04149782013494332,0.5939687999440285,0.007651631006434168,0.341833855521097,2,2,Steady State
2013-05-31,0.012059507743707005,0.2990767275719168,0.26323502025517126,0.0061496731725120095,0.41947907125669287,4,2,Steady State
2013-06-30,0.009636279806672863,0.5519849648714925,0.21058801620413725,0.004902568655494543,0.22288817046220288,1,2,Steady State
2013-07-31,0.007708607525102918,0.1775883901719003,0.201851355156001,0.3561499071688834,0.2567017399781124,3,2,Steady State
2013-08-31,0.006167082102890006,0.6060704131158241,0.14248847908413168,0.08451442347884505,0.1607596022183091,1,2,Steady State
2013-09-30,0.00493355411795417,0.22085650062471518,0.576225686840174,0.0693516464577729,0.1286326119593838,2,2,Steady State
2013-10-31,0.003946843294363337,0.17668520049977218,0.661981037409593,0.054494932535466827,0.10289198626080474,2,2,Steady State
2013-11-30,0.003157474635494129,0.14134832118728996,0.2662357884714434,0.04359398939986724,0.5456644263059053,4,2,Steady State
2013-12-31,0.0025259797083983563,0.11307870646341484,0.21265654637853854,0.03487526558474747,0.6368635018649008,4,4,Bull Market
2014-01-31,0.0020222258080705327,0.5544614428987577,0.1701041504920197,0.027900126544694377,0.24551205425645775,1,4,Bull Market
2014-02-28,0.0016169601746511629,0.17956997479575842,0.6000804269959253,0.022322532761657403,0.19641010527200772,2,4,Bull Market
2014-03-31,0.001293568139928499,0.14365642748619048,0.21606655615706533,0.017858436093899022,0.6211250121229167,4,4,Bull Market
2014-04-30,0.0010348545118277533,0.1149256361395807,0.1728556595324653,0.014285733414244002,0.6968981164018823,4,4,Bull Market
2014-05-31,0.0008278836094605237,0.09194008544921659,0.1523096978541989,0.01142887322953651,0.7434934598575874,4,4,Bull Market
2014-06-30,0.0006623068875683989,0.07355206817839989,0.11512427648936781,0.009142993871902335,0.8015183545727614,4,4,Bull Market
2014-07-31,0.0005298487303813122,0.5228222965067959,0.09138409340493789,0.00731436129867579,0.37794940005920913,1,4,Bull Market
2014-08-31,0.00042387715205027175,0.15426885084986003,0.5258669131357436,0.005854628104097769,0.3135857307582483,2,4,Bull Market
2014-09-30,0.00036357630337452673,0.5873906060717159,0.1630889086536089,0.004681916377232899,0.24447499259406766,1,4,Bull Market
2014-10-31,0.00027693584964436877,0.2059264308711642,0.13348339049537555,0.003745770660549382,0.6565674721232666,4,4,Bull Market
2014-11-30,0.00022154868045636664,0.16474285164630545,0.1051100171939201,0.002999012194861885,0.7269265702844562,4,4,Bull Market
2014-12-31,0.0001772873219580695,0.5957455815583246,0.08406686024351784,0.0023977705196924818,0.31761250035650695,1,4,Bull Market
2015-01-31,0.00021181297108494273,0.6764777783911834,0.06725348819481426,0.00191830286138933,0.25413861758152817,1,1,Inflation
2015-02-28,0.0001296167374707036,0.2772652000348755,0.5174052039439604,0.0019321789048506966,0.2032678003788427,2,1,Inflation
2015-03-31,0.00010369604339114713,0.6827765369190358,0.1501503762274512,0.001319532578014808,0.1656498582321071,1,1,Inflation
2015-04-30,8.295532501203704e-05,0.2839484147393311,0.12081056614849817,0.0010590308151835204,0.5940990329719752,4,1,Inflation
2015-05-31,6.636426139898967e-05,0.22783518914288753,0.09625571603743155,0.0008452914212172858,0.6749974391370647,4,4,Bull Market
2015-06-30,5.326147281322614e-05,0.64588309077676,0.07700457271834515,0.000676230524614848,0.2763828445074667,1,4,Bull Market
2015-07-31,4.283720236717433e-05,0.25813658367996295,0.061604410827238734,0.003178725185730679,0.6770374431047003,4,4,Bull Market
2015-08-31,0.46402895313262,0.20342490885438064,0.04928310042843646,0.0010421965953267658,0.2822208409892361,0,0,Crisis
2015-09-30,0.10722640658865165,0.6267366826416342,0.03942648034274914,0.0008337572912449436,0.2257766731357201,1,1,Inflation
2015-10-31,0.08578094078738868,0.2373895308012779,0.03154722274288778,0.4646609673557823,0.1806213383126634,3,1,Inflation
2015-11-30,0.0686247641798541,0.37173674024915176,0.025234342522912664,0.1077328967992875,0.4266712562487939,4,1,Inflation
2015-12-31,0.054899825441035055,0.6578073518701489,0.02018747401317352,0.08618592808417008,0.1809194205914723,1,1,Inflation
2016-01-31,0.06497588022418622,0.7052637126124746,0.01614997921053883,0.06894874152744314,0.14466168642535718,1,1,Inflation
2016-02-29,0.04000054825198766,0.3124091758259626,0.012919985288533,0.055158998316882736,0.579511292316634,4,1,Inflation
2016-03-31,0.03200043860119792,0.24980327784000456,0.01033606877448362,0.5081271141175497,0.19973310066676422,3,1,Inflation
2016-04-30,0.02560035090957703,0.20006345401547732,0.008271376751879896,0.1425786415933176,0.6234861767297482,4,1,Inflation
2016-05-31,0.020480280711394815,0.15993835771524434,0.00661566398122461,0.11401916128754387,0.6989465363045924,4,4,Bull Market
2016-06-30,0.016384224801555245,0.12795362762131382,0.005293911369117708,0.09211163272481969,0.7582566034831935,4,4,Bull Market
2016-07-31,0.013107379708988953,0.10235694238931499,0.46697969275300655,0.0734048441966767,0.3441511409520128,2,4,Bull Market
2016-08-31,0.010485903877772075,0.14486094416995463,0.11029760301861558,0.05859683608085022,0.6757587128528074,4,4,Bull Market
2016-09-30,0.00838872303931698,0.0800639057637126,0.08823810258466756,0.04687675164059776,0.7764325169717051,4,4,Bull Market
2016-10-31,0.00671106532150727,0.5280467259571859,0.07059047059020103,0.03750140325868357,0.35715033487242215,1,4,Bull Market
2016-11-30,0.005368802835219112,0.15852013843592289,0.05647427422298862,0.030021329674220207,0.7496154548316493,4,4,Bull Market
2016-12-31,0.00429504225937753,0.12676934803864254,0.05207301114278108,0.024005804622027675,0.7928567939371711,4,4,Bull Market
2017-01-31,0.0034360338075020464,0.10141548384210111,0.03797958551988639,0.019204782850709493,0.837964113979801,4,4,Bull Market
2017-02-28,0.0027488270460016063,0.08113238389961092,0.49083590378817654,0.0153712830544198,0.40991160221179107,2,4,Bull Market
2017-03-31,0.0021990616368154367,0.06491994500224188,0.13060829097504179,0.012292703563328306,0.7899799988225725,4,4,Bull Market
2017-04-30,0.0017592493094444786,0.051928092523477555,0.10448717546530996,0.009834168993381508,0.8319913137083864,4,4,Bull Market
2017-05-31,0.001407399447556599,0.041542408657852366,0.08362791599883784,0.007868007475364737,0.8655542684203884,4,4,Bull Market
2017-06-30,0.0011259195581456802,0.03352166973885246,0.0668804360568163,0.006294026987922081,0.8921779476582635,4,4,Bull Market
2017-07-31,0.0009007356464590608,0.026653618769780223,0.056431371089079294,0.005035535876412088,0.9109787386182693,4,4,Bull Market
2017-08-31,0.0007205885173009624,0.021435029598002298,0.04347972495045663,0.004028254466455623,0.9303364024677845,4,4,Bull Market
2017-09-30,0.0005764708137647453,0.017084227788907017,0.03525408925992467,0.0032230771532664065,0.9438621349841372,4,4,Bull Market
2017-10-31,0.0004611766510155079,0.013667397041721967,0.027976555870096398,0.0025788132167236235,0.9553160572204424,4,4,Bull Market
2017-11-30,0.00036894132081085115,0.010933911041951936,0.022508219249465083,0.0020629616360291225,0.9641259667517431,4,4,Bull Market
2017-12-31,0.0002951530566490339,0.008747374997407449,0.017921936217337345,0.0016502451945649738,0.9713852905340411,4,4,Bull Market
2018-01-31,0.00023612244531884036,0.006997758828903132,0.4779996470433714,0.0016575833466030954,0.5131088883358035,4,4,Bull Market
2018-02-28,0.0002413902549510033,0.46954571471844353,0.11859170118269749,0.0011340962989866694,0.41048709754492135,1,4,Bull Market
2018-03-31,0.00016324835752491016,0.5755924905896976,0.09487336094615802,0.0009072775846643374,0.3284636225219551,1,1,Inflation
2018-04-30,0.00013059728557386906,0.1965566641243769,0.07589869047841583,0.0007258243793019865,0.7266882237323316,4,1,Inflation
2018-05-31,0.00010447782976941366,0.15725708698520216,0.06071895493422815,0.0005807973833753907,0.7813386828674248,4,4,Bull Market
2018-06-30,8.358226660295144e-05,0.12725408991803036,0.04857520052913849,0.0004645586041857798,0.8236225686820424,4,4,Bull Market
2018-07-31,6.686581126672404e-05,0.1009678875351909,0.47670663593418516,0.0003857706639632456,0.421872840055394,2,4,Bull Market
2018-08-31,5.3493600701409524e-05,0.08077727023661939,0.13224574984371534,0.0003178173347049482,0.7866056689842589,4,4,Bull Market
2018-09-30,4.2794339102980956e-05,0.06462617272084162,0.10579663436132968,0.00024446449673737195,0.8292899340819883,4,4,Bull Market
2018-10-31,0.46403158221908225,0.05170015442684776,0.0846372878673883,0.000195561501647605,0.3994354139850341,0,0,Crisis
2018-11-30,0.10722677538457413,0.04135897674609402,0.06776017983394718,0.0008297939304254122,0.7828242741049593,4,4,Bull Market
2018-12-31,0.5497814121866739,0.03308698308924831,0.054179496715068026,0.0002807252122619967,0.36267138279674777,0,0,Crisis
2019-01-31,0.1758251343698011,0.02646958185093662,0.04334359876761479,0.46422457877422035,0.2901371062374271,3,3,Walking on Ice
2019-02-28,0.14066010749584093,0.02117566548110327,0.048538503819750944,0.10738123560630765,0.6822444875969973,4,3,Walking on Ice
2019-03-31,0.1125280859967156,0.01694159666039604,0.4944791686479686,0.08590409426982733,0.2901470544250923,2,3,Walking on Ice
2019-04-30,0.09002246879734814,0.013552671795621385,0.17423464013508463,0.06872614894539908,0.6534640703265467,4,3,Walking on Ice
2019-05-31,0.3047959751462548,0.24206413732377266,0.11527070302904777,0.0549792841933278,0.2828899003075971,0,3,Walking on Ice
2019-06-30,0.11139412488292769,0.06209396509443937,0.09221656242351112,0.05103194792139746,0.6832633996777244,4,3,Walking on Ice
2019-07-31,0.08911529990635138,0.0496755392494414,0.5377726859797044,0.036815193186633614,0.28662128167786927,2,3,Walking on Ice
2019-08-31,0.07129551659732666,0.5037055276895631,0.16624987962287077,0.029452162711669585,0.22929691337856983,1,3,Walking on Ice
2019-09-30,0.057034548964342124,0.13898419262893838,0.5967065010170274,0.023570790227989483,0.18370396716170267,2,3,Walking on Ice
2019-10-31,0.04562763917147237,0.1111873580944632,0.676260401089954,0.01885413375643544,0.14807046788767514,2,2,Steady State
2019-11-30,0.03650211133717778,0.088949875293316,0.7307618553722065,0.015082423842854516,0.12870373415444517,2,2,Steady State
2019-12-31,0.029201689069742236,0.071159899815389,0.47075363928013664,0.012103481131524048,0.4167812907032081,2,2,Steady State
2020-01-31,0.023362187943341228,0.5208222736122403,0.29474886805166667,0.009661220902295422,0.1514054494904564,1,2,Steady State
2020-02-29,0.48268927430830666,0.15271792792593994,0.2357857602607648,0.007728976721581302,0.12107806078340723,0,0,Crisis
2020-03-31,0.5861514194466472,0.12217434234075018,0.18862860820861183,0.006183181377265041,0.09686244862672576,0,0,Crisis
2020-04-30,0.20492113555731767,0.09773947387260015,0.15090288656688947,0.46894654510181205,0.0774899589013806,3,3,Walking on Ice
2020-05-31,0.16393690844585404,0.07819157909808024,0.5150241485451424,0.18085539470166978,0.061991969209253484,2,3,Walking on Ice
2020-06-30,0.13114952675669161,0.06255876293658479,0.18788321647947887,0.105120729677662,0.5132877641495828,4,3,Walking on Ice
2020-07-31,0.10491962140542851,0.05004388126633387,0.1508023699036739,0.5474288539896225,0.14680527343494137,3,3,Walking on Ice
2020-08-31,0.08393569712429734,0.04003510499435194,0.5824386949118241,0.1761468885575123,0.11744361441201434,2,3,Walking on Ice
2020-09-30,0.0671485753520392,0.4960280654061491,0.20300568158520474,0.13986278668083732,0.09395489097576969,1,3,Walking on Ice
2020-10-31,0.05371891591339472,0.5968223966141455,0.16240454526816378,0.11189022946666473,0.07516391273763137,1,1,Inflation
2020-11-30,0.042975095363629603,0.21345795500659706,0.12992363621453107,0.5535121835021232,0.06013112991311917,3,1,Inflation
2020-12-31,0.03438007629090368,0.17076636400527787,0.5679127471319402,0.17881572476088306,0.04812508781099536,2,1,Inflation
2021-01-31,0.027504061276988588,0.5886003969467688,0.19034508289020954,0.14304932837060974,0.05050113051542351,1,1,Inflation
2021-02-28,0.02200324888264048,0.21371548288450695,0.15242797883998133,0.11450309601057815,0.4973501933822932,4,1,Inflation
2021-03-31,0.017602599106096253,0.17097218345695073,0.5854679489277532,0.09171696298373508,0.13424030552546484,2,1,Inflation
2021-04-30,0.014082079284877003,0.1367777467655463,0.6685804150279633,0.07329059798768897,0.10726916093392441,2,2,Steady State
2021-05-31,0.01126566342790183,0.1094222572332416,0.2708828527816193,0.05863090704269929,0.5497983195145381,4,2,Steady State
2021-06-30,0.009012530742325702,0.0875401129970247,0.2167044126004247,0.04690475257555928,0.6398381910846656,4,4,Bull Market
2021-07-31,0.007210024593880158,0.07003156684971197,0.17348935187472758,0.03752388189482366,0.7117451747868565,4,4,Bull Market
2021-08-31,0.005768019675091567,0.056024793718269406,0.15281115456277994,0.030019203625838424,0.7553768284180207,4,4,Bull Market
2021-09-30,0.005226601751174178,0.508207648807816,0.11423076201643641,0.024015274390517326,0.3483197130340561,1,4,Bull Market
2021-10-31,0.0038329686704853707,0.14291443177782412,0.5547208212432745,0.019875908437267505,0.27865586987114854,2,4,Bull Market
2021-11-30,0.014794228195434862,0.5666036921331993,0.180154329687824,0.015523110666636208,0.2229246393169058,1,4,Bull Market
2021-12-31,0.005162638460683466,0.1959556978193005,0.6080593554285829,0.012482470375614072,0.17833983791581903,2,4,Bull Market
2022-01-31,0.45943630747884934,0.165458361522072,0.22248395976726829,0.009949572851884891,0.1426717983799254,0,0,Crisis
2022-02-28,0.10849684599397151,0.5914188882915293,0.1779871678138148,0.007959658276551566,0.11413743962413292,1,1,Inflation
2022-03-31,0.08679672250327883,0.20913586548877844,0.5586342336696709,0.05364256248020343,0.09179061585806833,2,1,Inflation
2022-04-30,0.5334373778862546,0.16730869248722066,0.2100786200251429,0.016016298544523067,0.07315901105685885,0,0,Crisis
2022-05-31,0.16274990240770706,0.14566260728963237,0.6199967404945528,0.01281303884191611,0.058777710966191714,2,2,Steady State
2022-06-30,0.5941999219070266,0.10980738650338884,0.23886261881535825,0.010250431069949741,0.0468796417042766,0,0,Crisis
2022-07-31,0.2113599375259789,0.08784590920235365,0.19109297197829908,0.47219746792994705,0.03750371336342132,3,3,Walking on Ice
2022-08-31,0.16912309033101575,0.5342415866847998,0.15287274071094262,0.11375961158249559,0.030002970690746356,1,3,Walking on Ice
2022-09-30,0.5992784786400239,0.16341326318135363,0.12229819256875413,0.09100768905727659,0.0240023765525918,0,0,Crisis
2022-10-31,0.21542278291201958,0.13073061054508223,0.0978631226982355,0.5367815826025892,0.019201901242073424,3,3,Walking on Ice
2022-11-30,0.17233822632961573,0.10458448843606581,0.07827652579790231,0.6294392384427575,0.015361520993658744,3,3,Walking on Ice
2022-12-31,0.13787128505321483,0.5476668867543015,0.06262121702532342,0.23955139437033993,0.012289216796820268,1,3,Walking on Ice
2023-01-31,0.11029662749680913,0.174133909952065,0.5029302084098628,0.2028078797092156,0.009831374432047449,2,3,Walking on Ice
2023-02-28,0.08823914023748383,0.603305288412696,0.14469767107173637,0.15589280012998064,0.007865100148103136,1,3,Walking on Ice
2023-03-31,0.07059026629577599,0.21864540883147773,0.11987801431400172,0.5770128820364506,0.01387342852229391,3,3,Walking on Ice
2023-04-30,0.05647221303606205,0.1749162562496722,0.5495630086101062,0.20426797678167993,0.01478054532247975,2,3,Walking on Ice
2023-05-31,0.045177888031038525,0.6039327272013162,0.18019947659308036,0.16341438661485427,0.00727552155971075,1,3,Walking on Ice
2023-06-30,0.0361422435132406,0.21914633852988014,0.5056973045752153,0.23244653392098316,0.006567579460680916,2,3,Walking on Ice
2023-07-31,0.028913794810592492,0.17531707096328852,0.30741427853446773,0.12819930066824778,0.3601555550234036,4,3,Walking on Ice
2023-08-31,0.023131039803639623,0.6042436277609063,0.1841651335814626,0.10249434139584446,0.08596585745814704,1,3,Walking on Ice
2023-09-30,0.01852475894815121,0.6833806789658308,0.14733210686516995,0.08199547295697004,0.06876698226387798,1,1,Inflation
2023-10-31,0.014808490775011193,0.746715849548335,0.11786568549213607,0.06559637837098928,0.05501359581352847,1,1,Inflation
2023-11-30,0.01184677968594165,0.33337269826778476,0.09429255674099025,0.5164770943454969,0.044010870959786286,3,1,Inflation
2023-12-31,0.00947742374875332,0.2666981586142278,0.0775370045680625,0.6089317079937545,0.03735570507520191,3,3,Walking on Ice
2024-01-31,0.00758193899900335,0.2133592340076346,0.060865545648993824,0.22556377889215629,0.4926295024522119,4,3,Walking on Ice
2024-02-29,0.006065551199202293,0.17068698488134404,0.5124579386126956,0.18064817769997535,0.1301413476067828,2,3,Walking on Ice
2024-03-31,0.004852440959361831,0.13654958790512084,0.5966000014333585,0.14440736580759886,0.11759060389456,2,2,Steady State
2024-04-30,0.0038855760525137867,0.57323604699144,0.2209549272052297,0.11552526514106978,0.08639818460974663,1,2,Steady State
2024-05-31,0.0031063993177730532,0.19459089914447628,0.6407491659210173,0.09242583496253073,0.06912770065420257,2,2,Steady State
2024-06-30,0.002485119454219064,0.15567411738155298,0.24864037204782677,0.0739401661333579,0.5192602249830433,4,2,Steady State
2024-07-31,0.001988095567913639,0.12453859964407833,0.19955436168722845,0.109917005551836,0.5640019375489436,4,4,Bull Market
2024-08-31,0.0015904764517508244,0.09963082273368831,0.16249502365464472,0.05989001417785584,0.6763936629820603,4,4,Bull Market
2024-09-30,0.001272381161401669,0.07970561114065662,0.12817837580095154,0.04744047578484613,0.7434031561121441,4,4,Bull Market
2024-10-31,0.0010181177465729203,0.5277637336604636,0.10253209392102672,0.03794850067399714,0.33073755399793964,1,4,Bull Market
2024-11-30,0.000814373111466167,0.15821110803983604,0.5460104850992443,0.030365827021758652,0.2645982067276949,2,4,Bull Market
2024-12-31,0.000670858241029078,0.5905495266603911,0.172817030686956,0.02428866380674036,0.21167392060488355,1,4,Bull Market
2025-01-31,0.0005256715615947665,0.20845063637070613,0.6007868849568305,0.019431981194773983,0.17080482591609458,2,4,Bull Market
2025-02-28,0.00042053727762135236,0.1697356439707889,0.21746403249794916,0.015546231677322117,0.5968335545763185,4,4,Bull Market
2025-03-31,0.0003636882863788034,0.5980685068599213,0.17397122650431046,0.012436277419815825,0.21516030092957367,1,4,Bull Market
2025-04-30,0.0002754415901339676,0.23467223171613547,0.5829749131705378,0.009949023279731519,0.1721283902434612,2,4,Bull Market
2025-05-31,0.0002203532172382743,0.1762435913862765,0.6774253042834605,0.008405402652160623,0.1377053484608643,2,2,Steady State
2025-06-30,0.0001762825737906195,0.14099487310904,0.7387655182748927,0.006485352533575305,0.11357797350870155,2,2,Steady State
2025-07-31,0.00014102606149755243,0.11349868800162968,0.7921528054469772,0.005179807757570865,0.08902767273232462,2,2,Steady State
2025-08-31,0.00011282084779550984,0.09039908741239386,0.5530065634425017,0.0041482559354611434,0.35233327236184786,2,2,Steady State
2025-09-30,9.025667823640788e-05,0.07231926992449621,0.8019731389343149,0.0033161792856830387,0.12230115517726947,2,2,Steady State
2025-10-31,7.22053426386469e-05,0.05802270646910986,0.37781308292765775,0.0026530073988044953,0.5614389978617893,4,2,Steady State
2025-11-30,5.7764274082775814e-05,0.04632302926087422,0.30225613015685443,0.002122354653021747,0.6492407216551669,4,4,Bull Market
2025-12-31,4.6211419266459416e-05,0.03706309265674458,0.24180169265047452,0.0016978846631524253,0.7193911186103621,4,4,Bull Market
2026-01-31,3.696913541304989e-05,0.02964780238998241,0.2097766901598372,0.0013589248916244124,0.7591796134231429,4,4,Bull Market
2026-02-28,2.9575308341861335e-05,0.02371996778400336,0.6077244178370937,0.0010869388612683977,0.36743910020929255,2,4,Bull Market
2026-03-31,0.46402323626321085,0.01897541624887733,0.2306017529329498,0.0008694642437111428,0.28553013031125096,0,0,Crisis
2026-04-30,0.10721883024253517,0.015180091767135365,0.18448140234635996,0.4646955561363832,0.2284241195075864,3,3,Walking on Ice
2026-05-31,0.08577506419402812,0.012144073940640699,0.5779170732527787,0.10777343351643542,0.21639035509611712,2,3,Walking on Ice
